{"cameraMode":{"drawMode":0,"name":"Shaded","section":"Shading Mode"},"sceneLighting":true,"audioPlay":false,"sceneViewState":{"showFog":true,"showMaterialUpdate":false,"showSkybox":true,"showFlares":true,"showImageEffects":true,"showParticleSystems":true},"in2DMode":false,"pivot":{"x":6.7431640625,"y":3.883544921875,"z":-3.26171875},"rotation":{"x":-0.13672858476638795,"y":0.48394468426704409,"z":-0.07685887813568115,"w":-0.8609271049499512},"size":6.4367804527282719,"orthographic":true}