{"cameraMode":{"drawMode":0,"name":"Shaded","section":"Shading Mode"},"sceneLighting":true,"audioPlay":false,"sceneViewState":{"showFog":true,"showMaterialUpdate":false,"showSkybox":true,"showFlares":true,"showImageEffects":true,"showParticleSystems":true},"in2DMode":false,"pivot":{"x":1.7787086963653565,"y":-0.3300600051879883,"z":-10.14128303527832},"rotation":{"x":0.002694262657314539,"y":0.9933924078941345,"z":-0.11223059892654419,"w":0.02384606935083866},"size":22.299999237060548,"orthographic":false}