{"cameraMode":{"drawMode":0,"name":"Shaded","section":"Shading Mode"},"sceneLighting":true,"audioPlay":false,"sceneViewState":{"showFog":true,"showMaterialUpdate":false,"showSkybox":true,"showFlares":true,"showImageEffects":true,"showParticleSystems":true},"in2DMode":false,"pivot":{"x":-0.928466796875,"y":1.46044921875,"z":-0.78515625},"rotation":{"x":0.23114483058452607,"y":-0.07695558667182923,"z":0.018345007672905923,"w":0.9697011709213257},"size":7.495611667633057,"orthographic":true}