{"cameraMode":{"drawMode":0,"name":"Shaded","section":"Shading Mode"},"sceneLighting":true,"audioPlay":false,"sceneViewState":{"showFog":true,"showMaterialUpdate":false,"showSkybox":true,"showFlares":true,"showImageEffects":true,"showParticleSystems":true},"in2DMode":false,"pivot":{"x":3.2964422702789308,"y":2.5644760131835939,"z":-3.9271984100341799},"rotation":{"x":0.07402386516332627,"y":-0.24803556501865388,"z":0.01901143230497837,"w":0.9657315611839294},"size":8.365530967712403,"orthographic":false}