{"cameraMode":{"drawMode":0,"name":"Shaded","section":"Shading Mode"},"sceneLighting":true,"audioPlay":false,"sceneViewState":{"showFog":true,"showMaterialUpdate":false,"showSkybox":true,"showFlares":true,"showImageEffects":true,"showParticleSystems":true},"in2DMode":false,"pivot":{"x":0.5426197052001953,"y":0.740852952003479,"z":-0.271484375},"rotation":{"x":0.12548251450061799,"y":-0.1290854960680008,"z":0.01646861433982849,"w":0.9835318326950073},"size":5.618914604187012,"orthographic":false}