{"cameraMode":{"drawMode":0,"name":"Shaded","section":"Shading Mode"},"sceneLighting":true,"audioPlay":false,"sceneViewState":{"showFog":true,"showMaterialUpdate":false,"showSkybox":true,"showFlares":true,"showImageEffects":true,"showParticleSystems":true},"in2DMode":false,"pivot":{"x":0.111572265625,"y":0.87646484375,"z":-1.04296875},"rotation":{"x":0.23114483058452607,"y":-0.07695558667182923,"z":0.018345007672905923,"w":0.9697011709213257},"size":2.7787036895751955,"orthographic":true}